City_ID,City,Country,Date,Lat,Lng,Max Temp,Humidity,Cloudiness,Wind Speed,Current Description
0,Yellowknife,CA,2021-01-13 04:24:26,62.456,-114.3525,8.6,85,75,8.05,light snow
1,Sao Joao Da Barra,BR,2021-01-13 04:22:33,-21.6403,-41.0511,76.08,86,94,14.38,overcast clouds
2,Moses Lake,US,2021-01-13 04:24:27,47.1301,-119.2781,42.8,87,90,16.46,overcast clouds
3,Cedar City,US,2021-01-13 04:24:27,37.6775,-113.0619,26.6,54,1,4.61,clear sky
4,Carbonia,IT,2021-01-13 04:24:27,39.1672,8.5222,53.6,87,75,20.71,broken clouds
5,Upernavik,GL,2021-01-13 04:24:28,72.7868,-56.1549,14.38,95,100,13.96,overcast clouds
6,Kapaa,US,2021-01-13 04:24:28,22.0752,-159.319,75.2,73,1,6.91,clear sky
7,Gimli,CA,2021-01-13 04:24:28,50.6336,-96.9907,26.6,68,3,4.61,clear sky
8,Orotukan,RU,2021-01-13 04:24:28,62.2667,151.7,-26.57,83,64,1.79,broken clouds
9,Rikitea,PF,2021-01-13 04:24:29,-23.1203,-134.9692,78.1,77,2,17.58,clear sky
10,Khatanga,RU,2021-01-13 04:24:29,71.9667,102.5,-20.88,87,100,6.89,overcast clouds
11,Rio Grande,BR,2021-01-13 04:24:29,-32.035,-52.0986,62.01,93,78,12.1,broken clouds
12,Souillac,MU,2021-01-13 04:24:29,-20.5167,57.5167,78.8,83,75,11.5,broken clouds
13,Aklavik,CA,2021-01-13 04:24:30,68.2191,-135.0107,-2.2,78,100,3.44,overcast clouds
14,Kralendijk,BQ,2021-01-13 04:24:30,12.15,-68.2667,77.0,88,20,10.36,few clouds
15,Qaanaaq,GL,2021-01-13 04:24:30,77.484,-69.3632,6.71,90,100,3.53,overcast clouds
16,Gvardeysk,RU,2021-01-13 04:24:31,54.6477,21.0651,35.01,86,90,6.71,overcast clouds
17,Punta Arenas,CL,2021-01-13 04:24:31,-53.15,-70.9167,46.4,66,75,9.22,broken clouds
18,Urubamba,PE,2021-01-13 04:24:31,-13.3047,-72.1158,55.53,64,100,4.16,light rain
19,Port Lincoln,AU,2021-01-13 04:24:31,-34.7333,135.8667,70.83,56,7,19.15,clear sky
20,Bengkulu,ID,2021-01-13 04:24:31,-3.8004,102.2655,85.95,59,90,1.25,overcast clouds
21,Araouane,ML,2021-01-13 04:24:32,18.9048,-3.5265,62.47,29,99,12.84,overcast clouds
22,Avarua,CK,2021-01-13 04:24:32,-21.2078,-159.775,78.8,78,40,13.8,scattered clouds
23,Albany,US,2021-01-13 04:24:32,42.6001,-73.9662,32.0,70,92,3.2,overcast clouds
24,Esperance,AU,2021-01-13 04:24:32,-33.8667,121.9,68.0,52,83,20.71,broken clouds
25,Hermanus,ZA,2021-01-13 04:24:33,-34.4187,19.2345,70.0,89,70,5.99,broken clouds
26,Bredasdorp,ZA,2021-01-13 04:24:33,-34.5322,20.0403,68.0,88,99,9.22,overcast clouds
27,Puerto Ayora,EC,2021-01-13 04:24:33,-0.7393,-90.3518,75.0,93,91,8.95,overcast clouds
28,East London,ZA,2021-01-13 04:24:34,-33.0153,27.9116,69.8,100,90,2.3,light intensity drizzle
29,Port Alfred,ZA,2021-01-13 04:24:34,-33.5906,26.891,68.0,96,91,15.39,overcast clouds
30,Airai,TL,2021-01-13 04:24:34,-8.9266,125.4092,75.0,82,62,1.88,moderate rain
31,Summerland,CA,2021-01-13 04:24:34,49.5998,-119.6691,43.0,81,98,8.05,overcast clouds
32,Los Llanos De Aridane,ES,2021-01-13 04:24:35,28.6585,-17.9182,62.6,59,75,14.97,broken clouds
33,Tuatapere,NZ,2021-01-13 04:24:35,-46.1333,167.6833,68.47,56,13,6.67,few clouds
34,Ushuaia,AR,2021-01-13 04:21:24,-54.8,-68.3,44.6,70,20,9.22,few clouds
35,Dzaoudzi,YT,2021-01-13 04:24:35,-12.7887,45.2699,82.4,78,0,5.75,clear sky
36,Medea,DZ,2021-01-13 04:24:35,36.2642,2.7539,44.6,93,20,3.44,few clouds
37,Cape Town,ZA,2021-01-13 04:22:39,-33.9258,18.4232,71.01,78,0,12.66,clear sky
38,Kaitangata,NZ,2021-01-13 04:24:36,-46.2817,169.8464,64.0,76,85,11.99,overcast clouds
39,Jamestown,US,2021-01-13 04:24:36,42.097,-79.2353,27.0,100,90,7.2,mist
40,Dikson,RU,2021-01-13 04:24:36,73.5069,80.5464,-13.63,90,26,7.09,scattered clouds
41,Garchitorena,PH,2021-01-13 04:24:37,13.8804,123.6946,77.58,81,95,14.7,light rain
42,Heide,DE,2021-01-13 04:24:37,54.2,9.1,36.0,93,86,4.0,overcast clouds
43,Saint-Philippe,RE,2021-01-13 04:24:37,-21.3585,55.7679,80.6,89,90,2.3,light rain
44,Thinadhoo,MV,2021-01-13 04:24:37,0.5333,72.9333,81.84,76,27,19.24,scattered clouds
45,Maceio,BR,2021-01-13 04:24:37,-9.6658,-35.7353,75.2,94,40,3.44,scattered clouds
46,Norman Wells,CA,2021-01-13 04:24:38,65.282,-126.8329,-7.6,77,90,6.51,overcast clouds
47,Mar Del Plata,AR,2021-01-13 04:24:38,-38.0023,-57.5575,62.01,55,0,11.5,clear sky
48,Laplace,US,2021-01-13 04:21:47,30.0666,-90.4801,41.0,87,75,5.75,broken clouds
49,Pisco,PE,2021-01-13 04:24:38,-13.7,-76.2167,69.8,78,100,2.3,overcast clouds
50,Namatanai,PG,2021-01-13 04:24:38,-3.6667,152.4333,85.19,66,20,13.53,few clouds
51,Vardo,NO,2021-01-13 04:24:39,70.3705,31.1107,8.6,78,20,18.41,few clouds
52,Tongchuan,CN,2021-01-13 04:24:39,35.0806,109.0897,46.15,38,0,4.81,clear sky
53,Atuona,PF,2021-01-13 04:24:39,-9.8,-139.0333,77.99,80,61,17.2,broken clouds
54,Lebu,CL,2021-01-13 04:24:39,-37.6167,-73.65,54.03,79,30,18.07,scattered clouds
55,Mataura,NZ,2021-01-13 04:24:39,-46.1927,168.8643,79.79,36,36,4.56,scattered clouds
56,Skibotn,NO,2021-01-13 04:24:40,69.3913,20.2679,19.4,73,0,4.61,clear sky
57,Castro,BR,2021-01-13 04:24:40,-24.7911,-50.0119,65.34,96,100,7.76,overcast clouds
58,Hanchuan,CN,2021-01-13 04:24:40,30.65,113.7667,57.2,28,0,8.95,clear sky
59,Muros,ES,2021-01-13 04:24:40,42.7762,-9.0603,30.99,100,16,3.56,fog
60,Saint George,US,2021-01-13 04:24:41,37.1041,-113.5841,37.99,30,1,1.95,clear sky
61,Georgetown,MY,2021-01-13 04:24:41,5.4112,100.3354,86.0,61,20,6.91,few clouds
62,Hobart,AU,2021-01-13 04:24:41,-42.8794,147.3294,84.0,41,75,13.8,broken clouds
63,Butaritari,KI,2021-01-13 04:24:41,3.0707,172.7902,81.23,80,96,19.1,light rain
64,Bluff,NZ,2021-01-13 04:24:41,-46.6,168.3333,62.11,77,8,10.42,clear sky
65,Chuy,UY,2021-01-13 04:24:42,-33.6971,-53.4616,59.49,68,2,6.33,clear sky
66,Xingyi,CN,2021-01-13 04:24:42,24.1877,102.817,49.87,65,37,2.1,scattered clouds
67,Lahijan,IR,2021-01-13 04:24:42,37.2061,50.0029,44.6,100,90,6.04,fog
68,Kahului,US,2021-01-13 04:24:43,20.8947,-156.47,78.8,65,20,3.44,few clouds
69,Payo,ID,2021-01-13 04:24:44,-3.7508,103.6372,80.04,79,100,6.02,moderate rain
70,Kutum,SD,2021-01-13 04:24:44,14.2,24.6667,51.96,46,0,4.9,clear sky
71,Perry,US,2021-01-13 04:23:08,37.2506,-83.1999,30.2,100,1,3.69,clear sky
72,Kruisfontein,ZA,2021-01-13 04:24:45,-34.0033,24.7314,68.0,93,100,4.0,overcast clouds
73,La Libertad,EC,2021-01-13 04:24:45,-2.2333,-80.9,75.2,82,85,12.21,overcast clouds
74,Eureka,US,2021-01-13 04:23:02,40.8021,-124.1637,61.0,86,100,10.0,overcast clouds
75,Khani,GE,2021-01-13 04:24:47,41.9563,42.9566,57.2,62,90,23.02,overcast clouds
76,Sao Filipe,CV,2021-01-13 04:24:47,14.8961,-24.4956,70.84,76,17,12.91,few clouds
77,Orsk,RU,2021-01-13 04:24:47,51.2049,58.5668,-14.8,76,75,2.24,broken clouds
78,La Ligua,CL,2021-01-13 04:24:47,-32.4524,-71.2311,48.42,78,0,0.98,clear sky
79,Berlevag,NO,2021-01-13 04:24:48,70.8578,29.0864,14.0,44,0,26.46,clear sky
80,Saldanha,ZA,2021-01-13 04:24:48,-33.0117,17.9442,59.0,82,0,3.44,clear sky
81,Venice,US,2021-01-13 04:24:48,27.0998,-82.4543,57.99,82,40,8.05,scattered clouds
82,Marawi,PH,2021-01-13 04:24:48,7.9986,124.2928,82.99,81,97,5.01,overcast clouds
83,Bombo,ID,2021-01-13 04:24:49,-8.6131,119.0131,89.22,62,20,4.0,few clouds
84,Samarai,PG,2021-01-13 04:24:49,-10.6167,150.6667,87.66,68,87,11.72,overcast clouds
85,Nikolskoye,RU,2021-01-13 04:24:49,59.7035,30.7861,7.0,85,90,20.13,snow
86,Samfya,ZM,2021-01-13 04:24:49,-11.3649,29.5565,64.15,96,100,1.28,light rain
87,Acarau,BR,2021-01-13 04:20:55,-2.8856,-40.12,77.23,84,74,9.13,broken clouds
88,Carnarvon,AU,2021-01-13 04:22:40,-24.8667,113.6333,82.4,61,0,17.27,clear sky
89,Barrow,US,2021-01-13 04:24:50,71.2906,-156.7887,-0.4,78,1,26.46,haze
90,Chokurdakh,RU,2021-01-13 04:24:50,70.6333,147.9167,-38.85,83,13,1.12,few clouds
91,Chincha Alta,PE,2021-01-13 04:24:51,-13.4099,-76.1323,69.8,78,100,2.3,overcast clouds
92,Sistranda,NO,2021-01-13 04:24:51,63.7256,8.834,28.4,64,20,16.11,few clouds
93,Tikrit,IQ,2021-01-13 04:24:51,34.6071,43.6782,50.95,48,0,2.1,clear sky
94,Namtsy,RU,2021-01-13 04:24:51,62.7161,129.6658,-54.4,58,100,2.68,fog
95,Narsaq,GL,2021-01-13 04:24:51,60.9167,-46.05,35.6,69,90,3.44,overcast clouds
96,Abakaliki,NG,2021-01-13 04:24:52,6.3163,8.1169,74.05,89,2,4.12,clear sky
97,Severo-Kurilsk,RU,2021-01-13 04:24:52,50.6789,156.125,20.12,87,72,2.77,broken clouds
98,Kodiak,US,2021-01-13 04:24:52,57.79,-152.4072,32.0,93,90,3.44,snow
99,Capellania,PA,2021-01-13 04:24:52,8.3,-80.55,74.75,88,100,8.21,overcast clouds
100,Lanzhou,CN,2021-01-13 04:24:52,36.0564,103.7922,39.99,38,0,2.82,clear sky
101,Isiolo,KE,2021-01-13 04:24:53,0.3546,37.5822,66.0,63,48,2.68,scattered clouds
102,Salinopolis,BR,2021-01-13 04:24:53,-0.6136,-47.3561,78.58,85,100,9.22,light rain
103,Port Hedland,AU,2021-01-13 04:24:53,-20.3167,118.5667,98.6,59,51,14.97,broken clouds
104,Vallenar,CL,2021-01-13 04:24:53,-28.5708,-70.7581,61.41,60,0,2.04,clear sky
105,Lompoc,US,2021-01-13 04:24:54,34.6391,-120.4579,53.01,93,1,3.44,clear sky
106,Busselton,AU,2021-01-13 04:24:54,-33.65,115.3333,75.99,42,4,5.01,clear sky
107,Alice Springs,AU,2021-01-13 04:24:33,-23.7,133.8833,100.4,17,0,10.36,clear sky
108,Arraial Do Cabo,BR,2021-01-13 04:21:25,-22.9661,-42.0278,75.79,85,32,23.91,scattered clouds
109,Sibolga,ID,2021-01-13 04:24:54,1.7427,98.7792,80.53,79,100,2.39,light rain
110,Caucaia,BR,2021-01-13 04:24:56,-3.7361,-38.6531,80.01,83,40,9.22,scattered clouds
111,Mandera,KE,2021-01-13 04:24:56,3.9366,41.867,73.81,32,25,7.36,scattered clouds
112,Qurayyat,SA,2021-01-13 04:24:56,31.3318,37.3428,41.0,60,0,11.5,clear sky
113,Guerrero Negro,MX,2021-01-13 04:24:56,27.9769,-114.0611,57.85,36,0,2.53,clear sky
114,Kamaishi,JP,2021-01-13 04:24:57,39.2667,141.8833,35.6,93,75,4.61,broken clouds
115,Moerai,PF,2021-01-13 04:24:57,-22.4333,-151.3333,80.26,75,1,17.02,clear sky
116,Ilulissat,GL,2021-01-13 04:24:57,69.2167,-51.1,21.2,79,75,2.3,broken clouds
117,Klaksvik,FO,2021-01-13 04:24:57,62.2266,-6.589,30.2,86,20,2.3,few clouds
118,New Norfolk,AU,2021-01-13 04:24:57,-42.7826,147.0587,84.0,29,20,1.99,few clouds
119,Saskylakh,RU,2021-01-13 04:24:58,71.9167,114.0833,-29.04,83,92,7.16,overcast clouds
120,Flin Flon,CA,2021-01-13 04:24:58,54.7682,-101.865,20.68,97,14,3.29,few clouds
121,Tuktoyaktuk,CA,2021-01-13 04:24:58,69.4541,-133.0374,-5.8,84,90,18.41,snow
122,Port Elizabeth,ZA,2021-01-13 04:21:40,-33.918,25.5701,69.8,88,90,6.91,overcast clouds
123,Wasilla,US,2021-01-13 04:20:12,61.5814,-149.4394,28.99,69,1,8.05,clear sky
124,Yar-Sale,RU,2021-01-13 04:24:59,66.8333,70.8333,5.77,91,88,15.23,overcast clouds
125,Lotofaga,WS,2021-01-13 04:24:59,-13.9764,-171.8578,86.0,84,75,9.22,light rain
126,Ust-Kuyga,RU,2021-01-13 04:25:00,70.0167,135.6,-43.24,73,19,3.42,few clouds
127,Dingle,PH,2021-01-13 04:25:00,10.9995,122.6711,78.89,79,100,12.77,overcast clouds
128,Hobyo,SO,2021-01-13 04:25:00,5.3505,48.5268,75.0,76,48,20.24,scattered clouds
129,Kawalu,ID,2021-01-13 04:25:01,-7.3817,108.2082,88.86,56,100,1.21,overcast clouds
130,Tasiilaq,GL,2021-01-13 04:25:02,65.6145,-37.6368,32.0,86,90,41.43,light snow
131,Padang,ID,2021-01-13 04:24:14,-0.9492,100.3543,84.2,70,40,3.44,scattered clouds
132,Okato,NZ,2021-01-13 04:25:02,-39.2,173.8833,72.0,74,21,7.0,few clouds
133,Mariel,CU,2021-01-13 04:25:03,22.9875,-82.7536,73.4,83,75,12.66,light rain
134,San Ignacio,BZ,2021-01-13 04:25:03,17.1561,-89.0714,70.0,100,90,6.91,overcast clouds
135,San Patricio,US,2021-01-13 04:25:03,28.017,-97.5169,41.0,87,40,3.36,scattered clouds
136,Acapulco,MX,2021-01-13 04:25:03,16.8634,-99.8901,80.6,78,75,5.75,broken clouds
137,Rincon,US,2021-01-13 04:22:24,32.296,-81.2354,50.0,76,90,6.91,overcast clouds
138,Mahebourg,MU,2021-01-13 04:25:04,-20.4081,57.7,78.8,83,75,11.5,broken clouds
139,Mokhsogollokh,RU,2021-01-13 04:25:04,61.4681,128.9203,-38.31,81,96,1.72,overcast clouds
140,Waipawa,NZ,2021-01-13 04:25:04,-41.4122,175.5153,75.2,53,85,18.41,overcast clouds
141,Chippewa Falls,US,2021-01-13 04:25:04,44.9369,-91.3929,25.0,86,1,5.5,mist
142,Bow Island,CA,2021-01-13 04:25:05,49.8668,-111.3684,44.6,57,100,8.05,overcast clouds
143,Vaini,TO,2021-01-13 04:25:05,-21.2,-175.2,84.2,79,75,9.22,broken clouds
144,Tiznit,MA,2021-01-13 04:25:05,29.5833,-9.5,48.02,50,0,6.08,clear sky
145,Morant Bay,JM,2021-01-13 04:25:05,17.8815,-76.4093,77.0,78,20,3.44,few clouds
146,Nanortalik,GL,2021-01-13 04:25:05,60.1432,-45.2371,31.5,95,100,7.99,overcast clouds
147,Moron,AR,2021-01-13 04:25:06,-34.6534,-58.6198,70.0,61,0,1.99,clear sky
148,Cockburn Town,TC,2021-01-13 04:23:43,21.4612,-71.1419,77.59,80,59,18.41,light rain
149,Vao,NC,2021-01-13 04:25:06,-22.6667,167.4833,78.24,85,90,21.54,overcast clouds
150,Kargasok,RU,2021-01-13 04:25:06,59.0556,80.8572,-24.02,87,79,5.35,broken clouds
151,Libreville,GA,2021-01-13 04:25:06,0.3925,9.4537,75.2,94,75,5.75,light rain
152,College,US,2021-01-13 04:25:07,64.8569,-147.8028,-2.2,78,75,3.0,broken clouds
153,Hilo,US,2021-01-13 04:25:07,19.7297,-155.09,75.2,78,40,4.61,light rain
154,Riyadh,SA,2021-01-13 04:21:42,24.6877,46.7219,42.8,52,0,5.14,clear sky
155,Thompson,CA,2021-01-13 04:25:07,55.7435,-97.8558,30.2,100,90,6.91,light snow
156,Sorland,NO,2021-01-13 04:25:08,67.667,12.6934,32.0,69,75,9.22,broken clouds
157,Sibu,MY,2021-01-13 04:25:08,2.3,111.8167,82.4,78,40,1.14,scattered clouds
158,Tashigang,BT,2021-01-13 04:25:08,27.3331,91.5542,58.17,53,67,3.62,broken clouds
159,Rio Gallegos,AR,2021-01-13 04:21:26,-51.6226,-69.2181,42.8,70,0,6.91,clear sky
160,Talnakh,RU,2021-01-13 04:25:09,69.4865,88.3972,-5.69,90,100,3.31,overcast clouds
161,Iranshahr,IR,2021-01-13 04:25:09,27.2025,60.6848,44.6,10,0,4.61,clear sky
162,Tura,IN,2021-01-13 04:25:09,25.5198,90.2201,70.41,33,24,2.57,few clouds
163,Leh,IN,2021-01-13 04:24:04,34.1667,77.5833,6.31,41,0,2.35,clear sky
164,Dunedin,NZ,2021-01-13 04:24:36,-45.8742,170.5036,63.0,78,70,18.99,broken clouds
165,La Paz,BO,2021-01-13 04:24:31,-16.5,-68.15,44.6,87,75,5.97,light rain
166,Kaeo,NZ,2021-01-13 04:25:10,-35.1,173.7833,72.0,75,63,11.99,broken clouds
167,Torbay,CA,2021-01-13 04:25:11,47.6666,-52.7314,30.99,93,90,4.61,overcast clouds
168,Wladyslawowo,PL,2021-01-13 04:25:11,54.7909,18.4009,32.0,93,75,6.91,broken clouds
169,Loikaw,MM,2021-01-13 04:25:11,19.6742,97.2094,70.05,57,48,3.53,scattered clouds
170,Qasigiannguit,GL,2021-01-13 04:25:11,68.8193,-51.1922,21.2,79,75,2.3,broken clouds
171,Yarada,IN,2021-01-13 04:25:12,17.65,83.2667,77.0,73,0,3.44,fog
172,Salalah,OM,2021-01-13 04:25:12,17.0151,54.0924,71.6,35,40,18.41,scattered clouds
173,Slyudyanka,RU,2021-01-13 04:25:12,51.6594,103.7061,2.97,80,74,2.21,broken clouds
174,Haflong,IN,2021-01-13 04:25:12,25.1833,93.0333,70.77,45,21,0.92,few clouds
175,Komsomolskiy,UZ,2021-01-13 04:25:13,40.4272,71.7189,32.0,74,99,4.61,overcast clouds
176,Ivanivka,UA,2021-01-13 04:25:13,46.7208,34.553,38.17,97,100,12.39,light rain
177,Vostok,RU,2021-01-13 04:25:13,46.4856,135.8833,15.73,92,100,1.21,light snow
178,Cuilapa,GT,2021-01-13 04:25:14,14.2764,-90.3003,63.0,94,40,18.41,scattered clouds
179,Faanui,PF,2021-01-13 04:25:14,-16.4833,-151.75,81.18,77,100,19.22,overcast clouds
180,Halifax,CA,2021-01-13 04:25:15,44.6453,-63.5724,30.2,74,75,5.75,broken clouds
181,Odweyne,SO,2021-01-13 04:25:15,9.4092,45.064,61.77,32,25,15.32,scattered clouds
182,Aktas,KZ,2021-01-13 04:25:15,49.7789,72.9608,-13.0,77,40,15.66,scattered clouds
183,San Rafael,AR,2021-01-13 04:25:15,-34.6177,-68.3301,71.11,35,0,7.7,clear sky
184,Clyde River,CA,2021-01-13 04:25:16,70.4692,-68.5914,-14.8,84,75,5.75,broken clouds
185,Zyryanka,RU,2021-01-13 04:25:16,65.75,150.85,-35.75,82,100,6.08,overcast clouds
186,Bubaque,GW,2021-01-13 04:25:16,11.2833,-15.8333,78.53,59,0,11.63,clear sky
187,Praia,CV,2021-01-13 04:25:16,14.9215,-23.5087,69.8,68,40,19.57,scattered clouds
188,Vanderhoof,CA,2021-01-13 04:25:17,54.0166,-124.0198,27.1,96,98,2.55,overcast clouds
189,Punta De Bombon,PE,2021-01-13 04:25:17,-17.1717,-71.7931,69.85,75,100,3.44,overcast clouds
190,Quelimane,MZ,2021-01-13 04:25:17,-17.8786,36.8883,78.6,91,97,1.32,light rain
191,Palmerston,AU,2021-01-13 04:23:04,-12.486,130.9833,95.0,58,40,6.91,scattered clouds
192,Dombarovskiy,RU,2021-01-13 04:25:17,50.7587,59.5386,-15.2,88,0,2.91,clear sky
193,Lagoa,PT,2021-01-13 04:25:18,39.05,-27.9833,59.81,83,0,8.84,clear sky
194,Mocuba,MZ,2021-01-13 04:25:18,-16.8392,36.9856,75.0,97,100,1.01,light rain
195,Hervey Bay,AU,2021-01-13 04:25:18,-25.2986,152.8535,80.01,68,28,7.0,scattered clouds
196,Omsukchan,RU,2021-01-13 04:25:18,62.5333,155.8,-16.74,87,100,3.38,overcast clouds
197,Maksatikha,RU,2021-01-13 04:25:19,57.797,35.8825,-6.05,91,100,8.59,overcast clouds
198,Akyab,MM,2021-01-13 04:25:19,20.15,92.9,74.59,49,13,4.65,few clouds
199,Sola,VU,2021-01-13 04:25:19,-13.8833,167.55,89.6,62,75,6.91,light rain
200,Mogadishu,SO,2021-01-13 04:22:48,2.0371,45.3438,75.7,81,0,19.3,clear sky
201,Nicoya,CR,2021-01-13 04:25:21,10.1483,-85.452,80.6,65,0,14.97,clear sky
202,Ancud,CL,2021-01-13 04:25:21,-41.8697,-73.8203,48.99,87,0,8.05,clear sky
203,Guthrie,US,2021-01-13 04:25:21,35.8789,-97.4253,39.0,80,1,6.91,clear sky
204,Chapais,CA,2021-01-13 04:25:22,49.7834,-74.8492,24.8,100,90,9.22,light snow
205,Ahipara,NZ,2021-01-13 04:25:22,-35.1667,173.1667,72.05,80,31,7.83,scattered clouds
206,Kommunar,RU,2021-01-13 04:25:22,59.6206,30.39,7.0,85,90,20.13,snow
207,Kudahuvadhoo,MV,2021-01-13 04:25:22,2.6708,72.8944,82.17,76,66,18.3,broken clouds
208,Port Blair,IN,2021-01-13 04:22:53,11.6667,92.75,84.2,65,75,6.91,broken clouds
209,Coihueco,CL,2021-01-13 04:25:23,-36.6167,-71.8333,60.8,44,25,6.91,scattered clouds
210,Homer,US,2021-01-13 04:25:23,59.6425,-151.5483,36.0,86,75,7.7,broken clouds
211,Matara,LK,2021-01-13 04:25:23,5.9485,80.5353,76.17,93,89,1.45,moderate rain
212,Fairbanks,US,2021-01-13 04:25:24,64.8378,-147.7164,-2.2,84,75,2.64,broken clouds
213,Coahuayana,MX,2021-01-13 04:25:24,18.7333,-103.6833,69.55,62,38,3.71,scattered clouds
214,Vanimo,PG,2021-01-13 04:25:24,-2.6741,141.3028,86.07,67,68,4.81,light rain
215,Karratha,AU,2021-01-13 04:25:24,-20.7377,116.8463,104.61,20,8,13.42,clear sky
216,Longyearbyen,SJ,2021-01-13 04:25:25,78.2186,15.6401,24.8,74,90,10.36,light snow
217,Fort Nelson,CA,2021-01-13 04:25:25,58.8053,-122.7002,14.0,85,40,2.3,scattered clouds
218,Roald,NO,2021-01-13 04:25:25,62.5833,6.1333,28.99,69,20,24.16,few clouds
219,Istisu,AZ,2021-01-13 04:25:25,40.9457,48.0738,41.0,93,90,4.61,mist
220,Codrington,AU,2021-01-13 04:25:25,-38.2667,141.9667,70.61,54,98,11.88,light rain
221,San Vicente,AR,2021-01-13 04:25:26,-26.6167,-54.1333,69.85,92,97,5.28,overcast clouds
222,Mount Gambier,AU,2021-01-13 04:25:26,-37.8333,140.7667,75.2,38,98,14.97,overcast clouds
223,Gizo,SB,2021-01-13 04:25:26,-8.103,156.8419,86.02,66,91,9.91,overcast clouds
224,Ous,RU,2021-01-13 04:25:26,60.9058,61.5186,-12.69,85,53,3.65,broken clouds
225,Cidreira,BR,2021-01-13 04:25:27,-30.1811,-50.2056,71.78,80,88,13.33,overcast clouds
226,Santa Vitoria Do Palmar,BR,2021-01-13 04:25:28,-33.5189,-53.3681,60.06,71,0,6.91,clear sky
227,La Ronge,CA,2021-01-13 04:25:28,55.1001,-105.2842,17.6,86,76,4.76,broken clouds
228,Beira,MZ,2021-01-13 04:25:28,-19.8436,34.8389,78.8,94,75,5.82,light rain
229,Bethel,US,2021-01-13 04:23:18,41.3712,-73.414,30.99,80,90,3.74,overcast clouds
230,Tarakan,ID,2021-01-13 04:25:07,3.3,117.6333,87.8,70,40,9.22,scattered clouds
231,Liwale,TZ,2021-01-13 04:25:29,-9.7667,37.9333,70.65,97,100,5.17,overcast clouds
232,Nyurba,RU,2021-01-13 04:25:29,63.2842,118.3319,-30.95,83,99,4.23,overcast clouds
233,Ballina,AU,2021-01-13 04:25:30,-28.8667,153.5667,80.6,54,40,12.66,scattered clouds
234,Cherskiy,RU,2021-01-13 04:25:30,68.75,161.3,-28.8,79,9,2.75,clear sky
235,Hami,CN,2021-01-13 04:25:30,42.8,93.45,23.14,75,75,4.18,broken clouds
236,Bintulu,MY,2021-01-13 04:25:30,3.1667,113.0333,87.8,74,40,4.61,scattered clouds
237,Kirakira,SB,2021-01-13 04:25:30,-10.4544,161.9205,80.22,76,100,4.5,overcast clouds
238,Bambous Virieux,MU,2021-01-13 04:25:31,-20.3428,57.7575,81.0,83,75,11.5,broken clouds
239,Roma,US,2021-01-13 04:25:13,43.2128,-75.4557,30.2,86,90,3.24,mist
240,Tiksi,RU,2021-01-13 04:25:31,71.6872,128.8694,-37.19,81,35,5.84,scattered clouds
241,Olafsvik,IS,2021-01-13 04:25:31,64.8945,-23.7142,38.64,76,100,24.05,overcast clouds
242,Hithadhoo,MV,2021-01-13 04:25:32,-0.6,73.0833,82.04,79,61,19.01,broken clouds
243,Yulara,AU,2021-01-13 04:25:32,-25.2406,130.9889,104.0,10,0,14.97,clear sky
244,Nsanje,MW,2021-01-13 04:25:32,-16.92,35.262,75.61,93,100,1.03,overcast clouds
245,Kavaratti,IN,2021-01-13 04:25:32,10.5669,72.642,78.4,76,100,21.03,light rain
246,Constitucion,CL,2021-01-13 04:25:32,-35.3333,-72.4167,54.54,66,0,7.83,clear sky
247,Uromi,NG,2021-01-13 04:25:34,6.7,6.3333,69.26,100,1,2.19,clear sky
248,Ribeira Grande,PT,2021-01-13 04:25:34,38.5167,-28.7,60.62,80,9,6.71,clear sky
249,Alghero,IT,2021-01-13 04:25:34,40.5589,8.3181,53.6,82,40,12.66,scattered clouds
250,Sisimiut,GL,2021-01-13 04:25:34,66.9395,-53.6735,17.64,95,100,7.09,light snow
251,Kavieng,PG,2021-01-13 04:25:34,-2.5744,150.7967,85.5,71,34,15.75,scattered clouds
252,Pringsewu,ID,2021-01-13 04:21:50,-5.3582,104.9744,82.17,73,99,5.93,overcast clouds
253,Fortuna,US,2021-01-13 04:25:35,40.5982,-124.1573,60.01,94,90,20.71,overcast clouds
254,Davila,PH,2021-01-13 04:25:35,18.4726,120.5763,80.6,65,75,6.91,broken clouds
255,Sungaipenuh,ID,2021-01-13 04:25:35,-2.0833,101.3833,75.31,71,98,1.95,overcast clouds
256,Patea,NZ,2021-01-13 04:25:35,-39.7583,174.4833,73.99,80,9,1.99,clear sky
257,Aginskoye,RU,2021-01-13 04:25:36,51.1,114.53,-6.77,80,8,13.8,clear sky
258,Esso,RU,2021-01-13 04:25:36,55.9333,158.7,1.69,86,99,3.51,overcast clouds
259,Manjacaze,MZ,2021-01-13 04:25:36,-24.7117,33.8828,75.13,91,2,4.05,light rain
260,Gainesville,US,2021-01-13 04:25:37,29.6516,-82.3248,51.01,76,90,4.61,overcast clouds
261,Severo-Yeniseyskiy,RU,2021-01-13 04:25:37,60.3725,93.0408,-24.45,87,99,2.91,overcast clouds
262,Pitimbu,BR,2021-01-13 04:25:37,-7.4706,-34.8086,75.2,100,40,9.84,scattered clouds
263,Hasaki,JP,2021-01-13 04:25:37,35.7333,140.8333,55.0,40,20,10.36,few clouds
264,Xunchang,CN,2021-01-13 04:25:37,28.4543,104.715,49.35,51,0,1.81,clear sky
265,Ponta Do Sol,PT,2021-01-13 04:25:38,32.6667,-17.1,57.2,58,75,8.05,broken clouds
266,Benguela,AO,2021-01-13 04:25:38,-12.5763,13.4055,75.51,68,100,3.87,overcast clouds
267,Makakilo City,US,2021-01-13 04:25:38,21.3469,-158.0858,78.8,73,20,8.05,few clouds
268,Bonthe,SL,2021-01-13 04:25:38,7.5264,-12.505,77.32,87,5,3.83,clear sky
269,Hohhot,CN,2021-01-13 04:25:38,40.8106,111.6522,23.0,46,0,2.24,dust
270,Nisia Floresta,BR,2021-01-13 04:22:19,-6.0911,-35.2086,77.0,94,75,3.44,broken clouds
271,Butterworth,MY,2021-01-13 04:25:39,5.3991,100.3638,86.0,61,20,6.91,few clouds
272,Sinnamary,GF,2021-01-13 04:25:39,5.3833,-52.95,76.73,87,100,10.71,overcast clouds
273,Nongan,CN,2021-01-13 04:25:39,44.382,125.1685,10.4,67,56,4.47,mist
274,Ossora,RU,2021-01-13 04:25:40,59.2353,163.0719,-2.34,76,90,1.61,overcast clouds
275,Barentu,ER,2021-01-13 04:25:40,15.1139,37.5928,55.81,83,0,3.42,clear sky
276,Udachnyy,RU,2021-01-13 04:25:40,66.4167,112.4,-26.81,83,93,5.77,overcast clouds
277,Gamboma,CG,2021-01-13 04:25:40,-1.8764,15.8644,72.7,88,80,4.68,light rain
278,Aswan,EG,2021-01-13 04:25:41,24.0934,32.907,57.99,53,0,5.41,clear sky
279,Yendi,GH,2021-01-13 04:25:41,9.4427,-0.0099,71.46,21,0,3.29,clear sky
280,Daura,NG,2021-01-13 04:25:41,11.5538,11.4085,63.82,25,0,9.35,clear sky
281,Batagay-Alyta,RU,2021-01-13 04:25:41,67.8006,130.4114,-41.24,72,18,0.69,few clouds
282,Oum Hadjer,TD,2021-01-13 04:25:41,13.2954,19.6966,63.1,26,0,8.32,clear sky
283,Bud,US,2021-01-13 04:25:42,39.447,-86.1758,32.0,80,1,4.61,clear sky
284,Mount Isa,AU,2021-01-13 04:25:42,-20.7333,139.5,98.6,32,40,10.36,scattered clouds
285,Ust-Uda,RU,2021-01-13 04:25:42,54.1742,103.0304,-13.5,86,100,2.33,overcast clouds
286,Kundiawa,PG,2021-01-13 04:25:42,-6.0167,144.9667,76.78,70,71,0.85,moderate rain
287,Seoul,KR,2021-01-13 04:22:00,37.5683,126.9778,44.6,65,0,10.36,clear sky
288,Rancho Palos Verdes,US,2021-01-13 04:25:43,33.7445,-118.387,57.99,43,50,4.0,scattered clouds
289,Gunjur,GM,2021-01-13 04:25:43,13.2019,-16.7339,69.8,43,37,9.22,scattered clouds
290,Ketchikan,US,2021-01-13 04:25:43,55.3422,-131.6461,37.4,100,90,4.61,moderate rain
291,Poya,NC,2021-01-13 04:25:44,-21.35,165.15,82.38,79,94,6.44,overcast clouds
292,Emiliano Zapata,MX,2021-01-13 04:25:44,18.8333,-99.1833,64.0,68,21,2.19,few clouds
293,Koboko,UG,2021-01-13 04:25:44,3.4136,30.9599,68.7,40,52,1.77,broken clouds
294,Polyarnyy,RU,2021-01-13 04:25:44,69.1989,33.4478,-5.8,77,0,2.24,clear sky
295,Paracuru,BR,2021-01-13 04:25:45,-3.41,-39.0306,80.01,75,73,15.99,broken clouds
296,Coihaique,CL,2021-01-13 04:25:45,-45.5752,-72.0662,46.4,81,0,4.61,clear sky
297,Grand Gaube,MU,2021-01-13 04:25:46,-20.0064,57.6608,81.0,79,44,10.0,light rain
298,Victor Harbor,AU,2021-01-13 04:25:46,-35.5667,138.6167,80.01,47,75,11.01,broken clouds
299,Lavrentiya,RU,2021-01-13 04:25:47,65.5833,-171.0,-6.72,87,96,7.09,overcast clouds
300,Aranos,NA,2021-01-13 04:25:47,-24.1333,19.1167,72.61,75,98,5.64,overcast clouds
301,Hamilton,US,2021-01-13 04:25:34,39.1834,-84.5333,30.99,69,1,9.22,clear sky
302,Mehamn,NO,2021-01-13 04:25:47,71.0357,27.8492,14.0,44,0,26.46,clear sky
303,Egvekinot,RU,2021-01-13 04:25:47,66.3167,-179.1667,-12.21,86,100,14.0,overcast clouds
304,Nouadhibou,MR,2021-01-13 04:25:48,20.931,-17.0347,62.6,56,0,23.06,clear sky
305,Nhulunbuy,AU,2021-01-13 04:25:48,-12.2333,136.7667,89.6,66,40,9.22,light rain
306,Dingli,MT,2021-01-13 04:25:48,35.8614,14.3822,53.01,71,20,19.57,few clouds
307,Namibe,AO,2021-01-13 04:25:48,-15.1961,12.1522,71.15,76,100,5.5,overcast clouds
308,Cap Malheureux,MU,2021-01-13 04:25:48,-19.9842,57.6142,81.0,79,21,10.0,few clouds
309,Husavik,IS,2021-01-13 04:25:49,66.0449,-17.3389,17.6,67,0,9.22,clear sky
310,Verkhnevilyuysk,RU,2021-01-13 04:25:50,63.4453,120.3167,-35.48,82,95,3.85,overcast clouds
311,Vanavara,RU,2021-01-13 04:25:50,60.34,102.2797,-29.6,84,75,4.03,broken clouds
312,Mangrol,IN,2021-01-13 04:25:51,21.1167,70.1167,70.79,32,0,13.73,clear sky
313,Provideniya,RU,2021-01-13 04:25:51,64.3833,-173.3,1.4,66,90,8.95,overcast clouds
314,Yambio,SS,2021-01-13 04:25:51,4.5721,28.3955,69.37,38,87,3.04,overcast clouds
315,Sitka,US,2021-01-13 04:25:51,57.0531,-135.33,35.6,87,40,10.36,snow
316,Angouleme,FR,2021-01-13 04:25:52,45.65,0.15,48.2,93,90,14.97,overcast clouds
317,Grindavik,IS,2021-01-13 04:25:52,63.8424,-22.4338,41.0,81,90,48.34,overcast clouds
318,Veraval,IN,2021-01-13 04:25:52,20.9,70.3667,73.53,30,3,10.51,clear sky
319,Qitaihe,CN,2021-01-13 04:25:52,45.8,130.85,13.86,93,95,7.76,overcast clouds
320,Lorengau,PG,2021-01-13 04:25:52,-2.0226,147.2712,85.66,71,95,11.1,overcast clouds
321,Middlebury,US,2021-01-13 04:25:52,44.0153,-73.1673,30.99,86,90,3.91,light snow
322,Haringhata,IN,2021-01-13 04:25:53,22.95,88.5667,66.2,68,40,10.36,haze
323,Pombas,CV,2021-01-13 04:25:53,17.1503,-25.0201,69.8,60,20,20.71,few clouds
324,Benito Juarez,MX,2021-01-13 04:25:53,19.385,-99.165,59.0,47,20,5.75,few clouds
325,Te Karaka,NZ,2021-01-13 04:25:53,-38.4654,177.8679,75.69,52,38,7.25,scattered clouds
326,Lensk,RU,2021-01-13 04:21:16,60.7253,114.9278,-17.36,83,100,9.84,overcast clouds
327,Victoria,HK,2021-01-13 04:24:13,22.2855,114.1577,62.01,25,0,1.01,clear sky
328,Sobolevo,RU,2021-01-13 04:25:55,54.4299,31.8996,19.4,97,99,11.86,overcast clouds
329,Aldan,RU,2021-01-13 04:25:55,58.6031,125.3894,-22.79,86,100,1.23,overcast clouds
330,Baker City,US,2021-01-13 04:23:02,44.7749,-117.8344,37.4,75,90,14.97,light rain
331,Saint-Francois,FR,2021-01-13 04:25:56,46.4154,3.9054,44.6,100,90,5.75,mist
332,Raudeberg,NO,2021-01-13 04:25:56,61.9875,5.1352,33.01,76,60,29.77,broken clouds
333,Redlands,US,2021-01-13 04:25:56,34.0556,-117.1825,59.0,24,75,5.75,broken clouds
334,Laguna,US,2021-01-13 04:20:57,38.421,-121.4238,55.0,76,1,3.44,haze
335,Dubai,AE,2021-01-13 04:24:51,25.2582,55.3047,57.2,62,0,2.3,clear sky
336,Semirara,PH,2021-01-13 04:25:57,12.0697,121.3986,79.23,75,67,27.2,broken clouds
337,Katsuura,JP,2021-01-13 04:24:09,35.1333,140.3,53.01,62,20,5.75,few clouds
338,Taltal,CL,2021-01-13 04:25:58,-25.4,-70.4833,63.34,77,11,1.5,few clouds
339,Labuhan,ID,2021-01-13 04:25:58,-6.8844,112.2051,84.07,77,98,11.48,overcast clouds
340,Homberg,DE,2021-01-13 04:25:58,51.0333,9.4,30.99,93,23,2.3,few clouds
341,Margate,GB,2021-01-13 04:25:58,51.3813,1.3862,39.0,83,94,10.76,overcast clouds
342,San Cristobal,VE,2021-01-13 04:25:59,7.7669,-72.225,61.95,78,20,1.57,few clouds
343,Wembley,AU,2021-01-13 04:25:52,-31.9333,115.8,84.99,28,0,13.8,clear sky
344,Fort Morgan,US,2021-01-13 04:26:00,40.2503,-103.8,28.4,64,1,8.05,clear sky
345,Voh,NC,2021-01-13 04:26:00,-20.9667,164.7,83.01,81,94,3.96,overcast clouds
346,Dentsville,US,2021-01-13 04:26:00,34.064,-80.9582,39.99,93,1,3.51,mist
347,Salinas,US,2021-01-13 04:24:40,36.6777,-121.6555,53.6,71,1,5.75,clear sky
348,Ust-Maya,RU,2021-01-13 04:26:01,60.4167,134.5333,-38.6,79,70,0.89,broken clouds
349,San Lawrenz,MT,2021-01-13 04:26:01,36.0553,14.204,53.01,71,20,19.57,few clouds
350,Bathsheba,BB,2021-01-13 04:26:01,13.2167,-59.5167,78.8,73,20,18.41,few clouds
351,Areosa,PT,2021-01-13 04:26:02,41.7178,-8.8571,43.0,87,44,9.22,scattered clouds
352,Montemorelos,MX,2021-01-13 04:26:03,25.2,-99.8167,41.95,65,30,3.31,scattered clouds
353,Novovarshavka,RU,2021-01-13 04:26:03,54.1721,74.6946,-20.07,85,12,8.81,few clouds
354,Rakiv Lis,UA,2021-01-13 04:26:03,51.6217,24.9243,28.0,98,99,9.75,light snow
355,Damghan,IR,2021-01-13 04:26:04,36.1683,54.348,34.2,77,0,1.63,clear sky
356,Lyuban,BY,2021-01-13 04:26:04,52.7985,28.0048,25.83,98,98,11.21,light snow
357,Solnechnogorsk,RU,2021-01-13 04:26:04,56.1833,36.9833,8.6,85,90,13.42,snow
358,Vila Velha,BR,2021-01-13 04:26:05,-20.3297,-40.2925,77.0,83,75,4.61,broken clouds
359,Sorong,ID,2021-01-13 04:23:19,-0.8833,131.25,84.22,76,95,7.11,overcast clouds
360,Boa Vista,BR,2021-01-13 04:26:05,2.8197,-60.6733,78.8,73,0,4.61,clear sky
361,Mathbaria,BD,2021-01-13 04:26:05,22.2876,89.9593,74.91,40,0,5.14,clear sky
362,Sao Goncalo Do Sapucai,BR,2021-01-13 04:22:55,-21.8922,-45.5953,68.05,92,100,2.91,moderate rain
363,Havelock,US,2021-01-13 04:26:06,34.8791,-76.9013,41.0,100,1,3.8,clear sky
364,Rolla,US,2021-01-13 04:26:06,37.9514,-91.7713,37.0,75,1,10.36,clear sky
365,Aguimes,ES,2021-01-13 04:26:07,27.9054,-15.4461,60.01,77,75,8.05,broken clouds
366,Marrakesh,MA,2021-01-13 04:23:30,31.6315,-8.0083,37.4,93,0,4.61,clear sky
367,Krutikha,RU,2021-01-13 04:26:07,53.9599,81.2093,-8.64,90,100,9.95,light snow
368,Krasnoselkup,RU,2021-01-13 04:26:07,65.7,82.4667,4.33,94,100,13.58,overcast clouds
369,Vidim,RU,2021-01-13 04:26:08,56.4088,103.1106,-12.95,88,100,5.66,overcast clouds
370,Santa Maria,BR,2021-01-13 04:26:08,-29.6842,-53.8069,69.8,83,75,13.8,broken clouds
371,Jumla,NP,2021-01-13 04:26:08,29.2747,82.1838,54.75,25,5,2.98,clear sky
372,Pedernales,DO,2021-01-13 04:26:08,18.0384,-71.744,75.36,49,33,4.54,scattered clouds
373,Sadasivpet,IN,2021-01-13 04:26:09,17.6212,77.9503,77.0,57,40,3.44,mist
374,Makaryev,RU,2021-01-13 04:26:09,57.8797,43.8069,-19.5,88,15,3.67,few clouds
375,Tabas,IR,2021-01-13 04:26:09,33.5959,56.9244,30.2,29,0,2.3,clear sky
376,Katherine,AU,2021-01-13 04:26:09,-14.4667,132.2667,96.8,41,100,6.91,overcast clouds
377,Oranjestad,AW,2021-01-13 04:24:27,12.524,-70.027,78.8,78,20,13.8,few clouds
378,Balkanabat,TM,2021-01-13 04:26:10,39.5108,54.3671,41.9,65,1,7.47,clear sky
379,Palmas,BR,2021-01-13 04:26:10,-10.2128,-48.3603,75.2,100,20,2.3,light rain
380,Cururupu,BR,2021-01-13 04:26:10,-1.8283,-44.8683,74.91,94,94,2.19,overcast clouds
381,Kupang,ID,2021-01-13 04:26:11,-10.1667,123.5833,86.0,84,40,9.22,scattered clouds
382,Imbituba,BR,2021-01-13 04:26:11,-28.24,-48.6703,78.8,73,0,11.5,clear sky
383,Tambura,SS,2021-01-13 04:26:11,5.6,27.4667,65.21,31,26,4.12,scattered clouds
384,The Valley,AI,2021-01-13 04:26:02,18.217,-63.0578,77.0,83,40,12.66,scattered clouds
385,Lieksa,FI,2021-01-13 04:26:12,63.3167,30.0167,1.33,92,87,15.5,overcast clouds
386,Marsh Harbour,BS,2021-01-13 04:26:12,26.5412,-77.0636,74.68,69,100,5.91,overcast clouds
387,Minna,NG,2021-01-13 04:26:13,9.6139,6.5569,78.8,24,0,16.11,clear sky
388,Daru,PG,2021-01-13 04:26:13,-9.0763,143.2092,87.62,67,79,2.98,light rain
389,Mazatlan,MX,2021-01-13 04:26:13,23.2167,-106.4167,66.0,77,75,3.44,broken clouds
390,Monrovia,LR,2021-01-13 04:26:13,6.3005,-10.7969,78.42,85,1,6.89,clear sky
391,Acambay,MX,2021-01-13 04:26:13,19.9558,-99.8417,45.25,75,9,3.98,clear sky
392,Broome,US,2021-01-13 04:26:14,42.2506,-75.833,30.0,80,90,1.95,overcast clouds
393,Pevek,RU,2021-01-13 04:26:14,69.7008,170.3133,-23.03,87,100,2.8,overcast clouds
394,Ewa Beach,US,2021-01-13 04:26:14,21.3156,-158.0072,78.8,73,20,8.05,few clouds
395,Quatre Cocos,MU,2021-01-13 04:26:14,-20.2078,57.7625,81.0,83,75,11.5,light rain
396,Saint Anthony,US,2021-01-13 04:26:15,45.0205,-93.218,33.8,86,1,3.44,clear sky
397,Las Vegas,US,2021-01-13 04:21:39,36.175,-115.1372,45.0,31,1,6.91,clear sky
398,Ratnagiri,IN,2021-01-13 04:26:15,16.9833,73.3,83.25,46,100,7.96,overcast clouds
399,Cabo San Lucas,MX,2021-01-13 04:23:26,22.8909,-109.9124,61.0,55,90,9.22,overcast clouds
400,Amlame,TG,2021-01-13 04:26:16,7.4667,0.9,73.49,76,0,2.75,clear sky
401,Walvis Bay,NA,2021-01-13 04:26:16,-22.9575,14.5053,69.01,83,100,4.61,overcast clouds
402,Inhambane,MZ,2021-01-13 04:26:16,-23.865,35.3833,78.8,94,40,4.61,scattered clouds
403,Berthierville,CA,2021-01-13 04:26:16,46.0834,-73.1824,32.0,80,6,8.05,clear sky
404,Mackay,AU,2021-01-13 04:26:17,-21.15,149.2,80.6,78,90,21.85,overcast clouds
405,Kiama,AU,2021-01-13 04:26:17,-34.6833,150.8667,84.99,63,0,10.0,clear sky
406,Geraldton,AU,2021-01-13 04:26:17,-28.7667,114.6,86.0,39,0,20.71,clear sky
407,Meridian,US,2021-01-13 04:24:30,43.6121,-116.3915,44.01,100,90,6.91,light rain
408,Lucapa,AO,2021-01-13 04:26:18,-8.4192,20.7447,61.5,97,94,1.99,overcast clouds
409,Houston,US,2021-01-13 04:24:52,29.7633,-95.3633,46.99,61,90,6.91,overcast clouds
410,Cabo Rojo,PR,2021-01-13 04:26:18,18.0866,-67.1457,73.99,91,8,1.01,clear sky
411,Vacaville,US,2021-01-13 04:26:18,38.3566,-121.9877,53.01,87,75,1.61,mist
412,Shostka,UA,2021-01-13 04:26:19,51.863,33.4698,24.33,93,87,11.97,overcast clouds
413,Lata,PT,2021-01-13 04:26:19,40.1629,-8.3327,42.01,93,51,4.61,mist
414,Teknaf,BD,2021-01-13 04:26:19,20.8624,92.3058,76.32,42,63,5.97,broken clouds
415,Portland,US,2021-01-13 04:22:27,45.5234,-122.6762,57.99,93,100,7.0,heavy intensity rain
416,Den Helder,NL,2021-01-13 04:26:20,52.9599,4.7593,43.0,65,75,18.41,light rain
417,Tshane,BW,2021-01-13 04:26:20,-24.0196,21.8684,74.89,64,70,7.31,broken clouds
418,Black River,JM,2021-01-13 04:26:20,18.0264,-77.8487,77.0,73,20,4.61,few clouds
419,Nemuro,JP,2021-01-13 04:26:20,43.3236,145.575,32.0,100,75,1.14,light snow
420,Carballo,ES,2021-01-13 04:26:20,43.213,-8.691,37.99,100,42,5.75,mist
421,Chara,RU,2021-01-13 04:26:21,56.9064,118.2631,-14.94,82,100,1.77,overcast clouds
422,Maniitsoq,GL,2021-01-13 04:26:21,65.4167,-52.9,24.06,94,100,18.54,overcast clouds
423,Mountain Home,US,2021-01-13 04:25:59,43.133,-115.6912,37.4,86,90,19.57,overcast clouds
424,Ambon,ID,2021-01-13 04:26:21,-3.6954,128.1814,91.4,62,40,8.05,scattered clouds
425,Bukama,CD,2021-01-13 04:26:06,-9.2,25.85,67.42,95,94,0.16,overcast clouds
426,Mutare,ZW,2021-01-13 04:26:22,-18.9707,32.6709,65.91,96,99,3.69,light rain
427,Klyuchi,RU,2021-01-13 04:26:22,52.2667,79.1667,2.86,94,100,15.52,light snow
428,Copiapo,CL,2021-01-13 04:26:22,-27.3667,-70.3333,57.2,88,90,4.61,overcast clouds
429,Rawson,AR,2021-01-13 04:26:22,-43.3002,-65.1023,58.41,53,4,7.38,clear sky
430,Warmbad,NA,2021-01-13 04:26:23,-28.45,18.7333,79.66,31,0,5.84,clear sky
431,Ambulu,ID,2021-01-13 04:26:23,-8.345,113.6058,83.25,80,99,10.54,overcast clouds
432,Belaya Gora,RU,2021-01-13 04:26:23,68.5333,146.4167,-42.16,80,58,0.51,broken clouds
433,Siwan,IN,2021-01-13 04:24:59,26.2167,84.3667,57.9,39,0,7.4,clear sky
434,Rudnogorsk,RU,2021-01-13 04:26:24,57.2639,103.7519,-16.04,89,100,3.62,overcast clouds
435,Aras,ES,2021-01-13 04:26:24,42.5617,-2.356,37.4,75,90,9.22,overcast clouds
436,Pierre,US,2021-01-13 04:26:24,44.3683,-100.351,37.0,100,99,7.54,overcast clouds
437,Saint-Joseph,RE,2021-01-13 04:26:24,-21.3667,55.6167,80.6,89,90,2.3,light rain
438,Maneadero,MX,2021-01-13 04:26:26,31.7167,-116.5667,57.76,36,79,2.71,broken clouds
439,Xaltianguis,MX,2021-01-13 04:26:26,17.0667,-99.8333,80.6,78,75,5.75,broken clouds
440,Shalinskoye,RU,2021-01-13 04:26:26,55.7228,93.7594,-9.47,86,99,0.11,overcast clouds
441,Mecca,SA,2021-01-13 04:26:26,21.4267,39.8261,69.01,43,0,4.41,clear sky
442,Big Spring,US,2021-01-13 04:26:02,32.2504,-101.4787,35.01,86,1,4.61,clear sky
443,Ayagoz,KZ,2021-01-13 04:26:27,47.9714,80.4392,9.09,94,100,19.48,overcast clouds
444,Bang Saphan,TH,2021-01-13 04:26:27,11.2126,99.5117,80.01,53,28,12.66,scattered clouds
445,Umm Kaddadah,SD,2021-01-13 04:26:27,13.6017,26.6876,64.85,36,0,14.29,clear sky
446,Kailua,US,2021-01-13 04:26:28,21.4022,-157.7394,78.8,73,20,4.61,few clouds
447,Olinda,BR,2021-01-13 04:26:28,-8.0089,-34.8553,78.8,69,75,5.75,broken clouds
448,Broken Hill,AU,2021-01-13 04:26:28,-31.95,141.4333,102.2,10,40,19.57,scattered clouds
449,Ntcheu,MW,2021-01-13 04:26:29,-14.8203,34.6359,66.04,97,100,1.9,light rain
450,Port Lavaca,US,2021-01-13 04:26:29,28.615,-96.6261,44.6,81,90,3.44,overcast clouds
451,Nelson Bay,AU,2021-01-13 04:23:29,-32.7167,152.15,82.99,51,0,14.97,clear sky
452,Bambanglipuro,ID,2021-01-13 04:26:29,-7.95,110.2833,85.44,67,100,9.55,overcast clouds
453,Rulenge,TZ,2021-01-13 04:26:30,-2.7175,30.6325,61.84,91,98,2.51,light rain
454,Krasnozerskoye,RU,2021-01-13 04:26:30,53.9828,79.2374,-17.61,85,68,11.86,broken clouds
455,Abu Kamal,SY,2021-01-13 04:26:30,34.4506,40.9171,55.47,39,100,6.89,overcast clouds
456,Nara,JP,2021-01-13 04:26:30,34.6851,135.8049,51.01,57,20,12.66,few clouds
457,Kaniama,CD,2021-01-13 04:26:30,-7.5667,24.1833,63.75,95,93,0.81,overcast clouds
458,Icod De Los Vinos,ES,2021-01-13 04:26:31,28.3724,-16.7119,60.01,84,28,1.99,scattered clouds
459,Dhidhdhoo,MV,2021-01-13 04:26:31,6.8833,73.1,78.12,88,100,14.83,moderate rain
460,Mayo,US,2021-01-13 04:26:27,38.8876,-76.5119,34.0,86,1,5.06,mist
461,Pacific Grove,US,2021-01-13 04:24:38,36.6177,-121.9166,52.0,81,1,3.44,clear sky
462,Abu Dhabi,AE,2021-01-13 04:26:32,24.4667,54.3667,60.8,88,0,3.44,clear sky
463,Kota Kinabalu,MY,2021-01-13 04:26:32,5.9749,116.0724,84.2,84,20,3.44,light rain
464,Caravelas,BR,2021-01-13 04:26:32,-17.7125,-39.2481,73.99,90,0,4.47,clear sky
465,Hirara,JP,2021-01-13 04:24:48,24.8,125.2833,64.4,52,20,9.22,few clouds
466,Biak,ID,2021-01-13 04:26:33,-0.9131,122.8766,85.19,68,72,1.9,light rain
467,Miramar,US,2021-01-13 04:26:33,25.9873,-80.2323,68.0,100,1,5.75,clear sky
468,Iquique,CL,2021-01-13 04:26:33,-20.2208,-70.1431,69.8,60,0,5.75,clear sky
469,Pindushi,RU,2021-01-13 04:26:33,62.9152,34.58,-12.26,90,93,7.61,overcast clouds
470,Asau,RO,2021-01-13 04:26:33,46.4333,26.4,30.2,100,90,11.5,mist
471,Turukhansk,RU,2021-01-13 04:26:34,65.8167,87.9833,4.57,94,100,10.85,light snow
472,Saint-Pierre,RE,2021-01-13 04:26:34,-21.3393,55.4781,80.6,89,90,2.3,overcast clouds
473,Kachiry,KZ,2021-01-13 04:26:34,53.0675,76.1036,-14.82,87,92,12.37,overcast clouds
474,Pangnirtung,CA,2021-01-13 04:26:34,66.1451,-65.7125,-7.35,83,23,2.06,few clouds
475,Yumen,CN,2021-01-13 04:26:34,40.2833,97.2,34.29,51,28,18.37,scattered clouds
476,Kotelnich,RU,2021-01-13 04:26:35,58.3089,48.348,-19.48,87,8,4.05,clear sky
477,Santiago Del Estero,AR,2021-01-13 04:21:59,-27.7951,-64.2615,71.01,90,85,1.99,overcast clouds
478,Oskaloosa,US,2021-01-13 04:26:35,41.2964,-92.6444,35.6,86,1,9.22,clear sky
479,Coquimbo,CL,2021-01-13 04:26:35,-29.9533,-71.3436,57.2,88,0,1.5,clear sky
480,Baguer,PH,2021-01-13 04:26:36,7.2561,124.5042,88.39,63,100,2.04,overcast clouds
481,Jalu,LY,2021-01-13 04:26:36,29.0331,21.5482,55.69,73,98,12.46,overcast clouds
482,Asyut,EG,2021-01-13 04:26:36,27.181,31.1837,50.0,76,0,11.5,clear sky
483,Mahibadhoo,MV,2021-01-13 04:26:36,3.7833,72.9667,81.84,77,100,17.58,overcast clouds
484,Gejiu,CN,2021-01-13 04:26:36,23.306,103.1635,46.33,72,31,4.45,scattered clouds
485,Naze,JP,2021-01-13 04:26:37,28.3667,129.4833,59.0,55,75,5.75,broken clouds
486,Atar,MR,2021-01-13 04:26:37,20.5169,-13.0499,56.19,39,2,11.7,clear sky
487,Tsabong,BW,2021-01-13 04:26:37,-26.0217,22.401,72.79,71,23,11.03,light rain
488,Cuamba,MZ,2021-01-13 04:26:37,-14.8031,36.5372,70.54,96,95,3.27,overcast clouds
489,Beringovskiy,RU,2021-01-13 04:26:37,63.05,179.3167,-17.43,85,90,12.08,overcast clouds
490,Makokou,GA,2021-01-13 04:26:38,0.5738,12.8642,68.23,97,8,2.82,clear sky
491,Panama City,PA,2021-01-13 04:23:29,8.9936,-79.5197,78.8,89,90,2.3,overcast clouds
492,Florianopolis,BR,2021-01-13 04:26:39,-27.6146,-48.5012,78.8,73,0,11.5,clear sky
493,Sao Raimundo Das Mangabeiras,BR,2021-01-13 04:26:39,-7.0219,-45.4811,74.91,83,0,4.0,clear sky
494,Darien,US,2021-01-13 04:23:33,41.752,-87.974,32.0,86,40,8.05,scattered clouds
495,Quesnel,CA,2021-01-13 04:26:40,52.9999,-122.5029,39.2,75,90,8.05,moderate rain
496,Puerto Asis,CO,2021-01-13 04:26:40,0.5133,-76.5007,70.95,94,93,1.68,overcast clouds
497,Derzhavinsk,KZ,2021-01-13 04:26:40,51.1,66.3167,-14.58,88,58,3.31,broken clouds
498,Hongjiang,CN,2021-01-13 04:26:41,27.11,109.9956,57.43,37,53,2.17,broken clouds
499,Almeirim,BR,2021-01-13 04:26:41,-1.5233,-52.5817,76.28,83,93,4.72,overcast clouds
500,Urumqi,CN,2021-01-13 04:26:14,43.801,87.6005,6.8,72,72,4.47,mist
501,San Pedro De Macoris,DO,2021-01-13 04:26:42,18.4616,-69.2972,73.99,94,20,4.61,few clouds
502,Half Moon Bay,US,2021-01-13 04:25:05,37.4636,-122.4286,55.99,76,90,1.36,overcast clouds
503,Port Moresby,PG,2021-01-13 04:26:02,-9.4431,147.1797,91.4,58,40,17.27,moderate rain
504,North Bend,US,2021-01-13 04:22:07,43.4065,-124.2243,61.0,88,90,25.32,mist
505,Ko Samui,TH,2021-01-13 04:26:43,9.5357,99.9357,78.8,65,75,2.3,broken clouds
506,Beloha,MG,2021-01-13 04:26:44,-25.1667,45.05,77.13,80,40,10.25,scattered clouds
507,Kisangani,CD,2021-01-13 04:26:44,0.5167,25.2,72.45,88,69,1.63,broken clouds
508,Surovatikha,RU,2021-01-13 04:26:44,55.7652,43.8984,-6.0,76,40,4.47,light snow
509,Mgandu,TZ,2021-01-13 04:26:44,-5.95,34.1333,60.51,100,100,3.11,light rain
510,Piacabucu,BR,2021-01-13 04:26:44,-10.4056,-36.4344,77.25,82,99,9.22,overcast clouds
511,Iqaluit,CA,2021-01-13 04:26:45,63.7506,-68.5145,-2.2,71,75,17.27,snow
512,Sterling,US,2021-01-13 04:26:14,39.0062,-77.4286,30.99,86,1,2.48,clear sky
513,Zawiercie,PL,2021-01-13 04:26:45,50.4877,19.4168,30.99,98,100,1.01,light snow
514,Emerald,AU,2021-01-13 04:26:46,-23.5333,148.1667,91.4,40,40,8.05,scattered clouds
515,Maues,BR,2021-01-13 04:26:46,-3.3836,-57.7186,74.84,94,97,1.61,light rain
516,Robertsport,LR,2021-01-13 04:26:46,6.7533,-11.3686,80.04,81,6,6.46,clear sky
517,Touros,BR,2021-01-13 04:26:47,-5.1989,-35.4608,75.2,94,75,10.56,broken clouds
518,Katobu,ID,2021-01-13 04:26:47,-4.9408,122.5276,86.16,75,71,2.84,moderate rain
519,Kieta,PG,2021-01-13 04:26:48,-6.2167,155.6333,85.35,61,34,7.07,scattered clouds
520,Opuwo,NA,2021-01-13 04:26:48,-18.0607,13.84,67.35,46,99,3.65,overcast clouds
521,Strezhevoy,RU,2021-01-13 04:26:48,60.7333,77.5889,-4.0,84,90,6.71,light snow
522,Yerbogachen,RU,2021-01-13 04:26:48,61.2767,108.0108,-24.47,85,100,8.28,overcast clouds
523,Faya,SA,2021-01-13 04:26:49,18.3851,42.4509,42.8,61,0,3.42,clear sky
524,Baykit,RU,2021-01-13 04:26:49,61.67,96.37,-27.06,80,73,2.13,broken clouds
525,Moscow,RU,2021-01-13 04:25:46,55.7522,37.6156,14.0,85,90,13.42,light snow
526,Narasannapeta,IN,2021-01-13 04:26:50,18.4167,84.05,79.18,60,0,3.49,clear sky
527,Saint-Cyr-Sur-Loire,FR,2021-01-13 04:26:50,47.4,0.6667,50.0,93,90,9.22,overcast clouds
528,Carutapera,BR,2021-01-13 04:26:51,-1.195,-46.02,76.57,87,100,4.56,overcast clouds
529,Ostrovnoy,RU,2021-01-13 04:26:51,68.0531,39.5131,4.78,92,0,18.12,clear sky
530,Kazuno,JP,2021-01-13 04:26:51,40.1836,140.7872,35.6,100,75,9.22,broken clouds
531,Ampanihy,MG,2021-01-13 04:24:27,-24.7,44.75,76.01,80,38,5.93,scattered clouds
532,Urengoy,RU,2021-01-13 04:26:51,65.9667,78.3667,6.67,94,100,14.29,overcast clouds
533,Varhaug,NO,2021-01-13 04:26:52,58.6147,5.6457,37.4,81,75,26.46,light rain
534,Camana,PE,2021-01-13 04:26:52,-16.6228,-72.7111,70.3,75,99,6.31,overcast clouds
535,Buluang,PH,2021-01-13 04:26:52,13.3068,123.3425,77.68,77,98,7.14,light rain
536,Antofagasta,CL,2021-01-13 04:26:52,-23.65,-70.4,62.6,77,20,4.61,few clouds
537,Rorvik,NO,2021-01-13 04:26:53,64.8621,11.2373,24.03,85,85,13.24,overcast clouds
538,Semnan,IR,2021-01-13 04:26:53,35.5729,53.3971,36.95,70,0,0.81,clear sky
539,La Huacana,MX,2021-01-13 04:26:53,18.9667,-101.8167,48.0,75,28,3.62,scattered clouds
540,Gold Coast,AU,2021-01-13 04:26:05,-28.0,153.4333,82.99,54,75,17.27,broken clouds
541,Pathein,MM,2021-01-13 04:26:54,16.7833,94.7333,78.13,58,51,2.42,broken clouds
542,Ardmore,US,2021-01-13 04:23:53,34.1743,-97.1436,41.0,80,1,6.89,clear sky
543,Suhbaatar,MN,2021-01-13 04:26:54,50.2314,106.2078,-4.95,85,77,2.01,broken clouds
544,Eyl,SO,2021-01-13 04:26:55,7.9803,49.8164,71.6,57,0,17.25,clear sky
545,Tra Vinh,VN,2021-01-13 04:26:55,9.9347,106.3453,78.69,61,35,0.25,scattered clouds
546,Prince Rupert,CA,2021-01-13 04:25:23,54.3161,-130.3201,42.8,87,40,6.91,light rain
547,Kishiwada,JP,2021-01-13 04:26:55,34.4667,135.3667,51.01,57,20,6.91,few clouds
548,Maua,BR,2021-01-13 04:26:55,-23.6678,-46.4614,73.0,83,75,5.75,broken clouds
549,Plastun,RU,2021-01-13 04:26:56,44.7561,136.2939,26.71,86,65,4.74,broken clouds
550,Ucar,AZ,2021-01-13 04:26:56,40.519,47.6542,42.8,93,90,4.61,mist
551,San Quintin,MX,2021-01-13 04:26:56,30.4833,-115.95,59.85,45,44,6.38,scattered clouds
552,Evensk,RU,2021-01-13 04:26:56,61.95,159.2333,-10.26,83,100,3.02,overcast clouds
553,Wanaka,NZ,2021-01-13 04:26:56,-44.7,169.15,77.65,35,100,3.65,overcast clouds
554,Tautira,PF,2021-01-13 04:26:57,-17.7333,-149.15,84.2,61,75,6.91,broken clouds
555,Adrar,MR,2021-01-13 04:26:57,20.5022,-10.0711,58.71,32,75,10.36,broken clouds
556,Pervomayskoye,RU,2021-01-13 04:26:57,43.919,46.7102,44.94,85,96,22.08,overcast clouds
557,Porto Novo,BJ,2021-01-13 04:26:57,6.4965,2.6036,80.6,94,40,5.75,scattered clouds
558,Lodja,CD,2021-01-13 04:26:57,-3.4833,23.4333,68.72,97,100,0.36,light rain
559,Crossville,US,2021-01-13 04:26:58,35.949,-85.0269,28.0,93,1,3.44,mist
560,Fulton,US,2021-01-13 04:25:53,33.7668,-84.4499,36.0,93,20,6.91,few clouds
561,Severodvinsk,RU,2021-01-13 04:26:58,64.5635,39.8302,-23.8,76,0,4.47,clear sky
562,Shymkent,KZ,2021-01-13 04:26:59,42.3,69.6,28.4,100,90,4.47,fog
563,Tulagi,SB,2021-01-13 04:26:59,-9.0996,160.1476,81.37,72,100,1.41,overcast clouds
564,Alizai,PK,2021-01-13 04:26:59,33.5383,70.3462,51.55,34,0,1.54,clear sky
565,Dalbandin,PK,2021-01-13 04:26:59,28.8947,64.4101,43.61,46,0,7.0,clear sky
566,Awjilah,LY,2021-01-13 04:27:00,29.1081,21.2869,56.3,72,94,12.3,overcast clouds
567,Puno,PE,2021-01-13 04:27:00,-15.8333,-70.0333,47.1,76,90,3.67,light rain
568,Tongren,CN,2021-01-13 04:27:00,27.7172,109.1853,55.98,38,5,2.26,clear sky
569,Fomboni,KM,2021-01-13 04:27:00,-12.28,43.7425,81.88,76,0,13.22,clear sky
570,Burnie,AU,2021-01-13 04:27:00,-41.0667,145.9167,66.0,84,100,5.99,overcast clouds
571,Flinders,AU,2021-01-13 04:27:01,-34.5833,150.8552,84.99,58,0,7.0,clear sky
572,Mananara,MG,2021-01-13 04:27:01,-16.1667,49.7667,79.77,78,19,1.99,few clouds
573,Taoudenni,ML,2021-01-13 04:27:01,22.6783,-3.9836,60.33,30,94,15.55,overcast clouds
574,Tromso,NO,2021-01-13 04:27:02,69.6496,18.957,19.4,73,0,4.61,clear sky
575,Todos Santos,MX,2021-01-13 04:27:02,23.45,-110.2167,63.0,52,100,3.0,overcast clouds
576,Pontes E Lacerda,BR,2021-01-13 04:27:02,-15.2261,-59.3353,73.6,89,91,2.86,light rain
577,Svetlyy,RU,2021-01-13 04:27:02,54.675,20.1347,35.01,86,90,6.71,overcast clouds
578,Sidi Ali,DZ,2021-01-13 04:27:03,36.0998,0.4206,43.84,87,0,5.61,clear sky
579,Ekibastuz,KZ,2021-01-13 04:25:24,51.6667,75.3667,-6.54,90,100,17.49,overcast clouds
580,Huayang,CN,2021-01-13 04:27:03,34.4155,109.9939,42.33,44,0,6.8,clear sky
581,Alappuzha,IN,2021-01-13 04:26:14,9.49,76.3264,76.41,88,99,7.4,light rain
582,Kirovsk,UA,2021-01-13 04:27:05,48.6375,38.6428,26.49,99,100,20.47,heavy snow
583,Zunyi,CN,2021-01-13 04:27:05,27.6867,106.9072,48.52,48,0,1.66,clear sky
584,Palmer,US,2021-01-13 04:25:08,42.1584,-72.3287,32.0,74,90,4.61,overcast clouds
585,Tongzi,CN,2021-01-13 04:27:05,28.7829,105.0877,49.44,50,0,1.57,clear sky
586,Santa Isabel Do Rio Negro,BR,2021-01-13 04:27:05,-0.4139,-65.0192,73.96,91,79,1.63,broken clouds
587,Kassala,SD,2021-01-13 04:22:14,15.451,36.4,62.62,86,0,6.44,clear sky
588,Batticaloa,LK,2021-01-13 04:27:06,7.7102,81.6924,81.32,80,43,12.12,moderate rain
589,Shache,CN,2021-01-13 04:27:06,38.4167,77.2406,28.98,61,0,2.57,clear sky
590,Upata,VE,2021-01-13 04:27:06,8.0086,-62.3989,75.0,86,20,1.99,few clouds
591,Santa Ana,US,2021-01-13 04:27:07,33.7456,-117.8678,57.2,72,75,1.95,broken clouds
592,Khasan,RU,2021-01-13 04:27:07,42.4308,130.6434,27.07,84,92,4.14,overcast clouds
593,Sakakah,SA,2021-01-13 04:27:07,29.9697,40.2064,41.0,70,0,4.12,clear sky
594,Luderitz,NA,2021-01-13 04:23:12,-26.6481,15.1594,64.4,88,38,7.34,scattered clouds
595,San Jose,US,2021-01-13 04:26:43,37.3394,-121.895,57.2,67,90,5.75,overcast clouds
596,Nantucket,US,2021-01-13 04:27:08,41.2835,-70.0995,33.8,75,1,6.91,clear sky
597,Necochea,AR,2021-01-13 04:27:08,-38.5473,-58.7368,58.01,50,0,11.92,clear sky
598,Lodwar,KE,2021-01-13 04:27:08,3.1191,35.5973,78.64,45,2,4.43,clear sky
599,Abu Zabad,SD,2021-01-13 04:27:09,12.35,29.25,63.5,40,0,9.42,clear sky
600,Tacoronte,ES,2021-01-13 04:27:09,28.4769,-16.4102,62.01,87,90,6.91,overcast clouds
601,Fasa,IR,2021-01-13 04:27:09,28.9383,53.6482,32.0,40,0,4.61,clear sky
602,Muyezerskiy,RU,2021-01-13 04:27:09,63.9333,31.65,-10.1,90,92,7.87,overcast clouds
603,Chabahar,IR,2021-01-13 04:27:10,25.2919,60.643,65.8,27,0,1.45,clear sky
604,Zarechnyy,RU,2021-01-13 04:23:23,53.2036,45.1923,0.0,33,49,5.66,scattered clouds
605,Surt,LY,2021-01-13 04:27:10,31.2089,16.5887,57.36,61,45,23.13,scattered clouds
606,Oktyabrskoye,RU,2021-01-13 04:27:10,43.0645,44.7417,30.2,100,90,6.71,fog
607,Westport,US,2021-01-13 04:27:11,41.1415,-73.3579,36.0,64,90,3.44,overcast clouds
608,Yushu,CN,2021-01-13 04:27:11,44.8,126.5333,3.54,93,98,11.07,overcast clouds
609,Weligama,LK,2021-01-13 04:27:11,5.9667,80.4167,75.79,94,91,3.98,moderate rain
610,Novichikha,RU,2021-01-13 04:27:12,52.204,81.3877,1.33,93,100,13.22,overcast clouds
611,Mezen,RU,2021-01-13 04:27:12,65.8522,44.24,-12.48,86,20,3.76,few clouds
612,Bilibino,RU,2021-01-13 04:27:12,68.0546,166.4372,-21.64,83,96,4.94,overcast clouds
613,Edd,ER,2021-01-13 04:27:12,13.9297,41.6925,74.01,54,0,11.16,clear sky
614,Anadyr,RU,2021-01-13 04:27:12,64.75,177.4833,-13.0,77,75,13.42,snow
615,Huanren,CN,2021-01-13 04:27:13,41.2647,125.3667,24.93,87,99,8.88,overcast clouds
616,Meulaboh,ID,2021-01-13 04:27:13,4.1363,96.1285,83.86,65,52,2.68,broken clouds
617,Ugoofaaru,MV,2021-01-13 04:27:13,5.6667,73.0,80.01,80,100,12.01,moderate rain
618,Gobabis,NA,2021-01-13 04:27:13,-22.45,18.9667,67.68,79,100,5.23,light rain
619,Westerland,DE,2021-01-13 04:27:13,54.9079,8.3033,39.0,90,84,1.99,broken clouds
620,Sabzevar,IR,2021-01-13 04:25:53,36.2126,57.6819,23.0,74,0,9.22,clear sky
621,Huangchuan,CN,2021-01-13 04:27:14,32.1272,115.0394,53.11,43,0,13.51,clear sky
622,Kloulklubed,PW,2021-01-13 04:27:14,7.0419,134.2556,82.4,83,90,5.75,overcast clouds
623,Sur,OM,2021-01-13 04:23:04,22.5667,59.5289,69.21,52,12,9.66,few clouds
624,Swan Hill,AU,2021-01-13 04:27:14,-35.3378,143.5544,101.8,12,94,16.71,overcast clouds
625,Smithers,CA,2021-01-13 04:25:25,54.7804,-127.1743,30.2,69,20,2.3,few clouds
626,Safaga,EG,2021-01-13 04:27:15,26.7292,33.9365,60.8,48,0,4.09,clear sky
627,Sembe,CG,2021-01-13 04:27:15,1.6481,14.5806,71.37,85,58,3.76,broken clouds
628,Auki,SB,2021-01-13 04:27:15,-8.7676,160.7034,80.76,81,100,1.1,light rain
629,Pemberton,CA,2021-01-13 04:27:15,50.3164,-122.8027,39.99,96,100,1.63,overcast clouds
630,Timaru,NZ,2021-01-13 04:27:16,-44.4,171.25,69.01,77,6,4.0,clear sky
631,Santa Cruz De La Palma,ES,2021-01-13 04:27:16,28.6835,-17.7642,62.6,59,75,14.97,broken clouds
632,Hambantota,LK,2021-01-13 04:27:16,6.1241,81.1185,77.0,100,40,4.61,light rain
633,Alofi,NU,2021-01-13 04:27:16,-19.0595,-169.9187,86.0,70,100,11.5,overcast clouds
634,Sorochinsk,RU,2021-01-13 04:27:16,52.4338,53.1583,-4.43,91,98,5.77,overcast clouds
635,Hualmay,PE,2021-01-13 04:27:17,-11.0964,-77.6139,70.18,84,100,8.01,overcast clouds
636,Beya,RU,2021-01-13 04:27:17,53.0533,90.9139,8.38,93,100,2.28,overcast clouds
637,Dapaong,TG,2021-01-13 04:27:17,10.8639,0.205,69.06,21,0,7.7,clear sky
638,Angul,IN,2021-01-13 04:27:17,20.85,85.1,76.06,57,1,1.95,clear sky
639,Najran,SA,2021-01-13 04:27:18,17.4924,44.1277,44.6,65,0,0.65,clear sky
640,Alamogordo,US,2021-01-13 04:23:19,32.8995,-105.9603,37.0,37,1,5.75,clear sky
641,Otane,NZ,2021-01-13 04:27:18,-39.8833,176.6333,72.0,74,0,1.99,clear sky
642,Cairns,AU,2021-01-13 04:24:40,-16.9167,145.7667,86.0,70,40,8.05,scattered clouds
643,Menongue,AO,2021-01-13 04:27:19,-14.6585,17.691,63.46,94,100,3.56,light rain
644,Boyolangu,ID,2021-01-13 04:27:19,-8.1181,111.8935,84.56,71,96,8.08,overcast clouds
645,Soyo,AO,2021-01-13 04:27:19,-6.1349,12.3689,77.72,77,72,7.96,broken clouds
646,Arua,UG,2021-01-13 04:27:20,3.0201,30.9111,71.46,41,71,1.01,broken clouds
647,Alcantara,BR,2021-01-13 04:27:20,-2.4089,-44.4147,78.8,89,20,3.44,few clouds
648,Taxisco,GT,2021-01-13 04:27:20,14.0708,-90.4631,63.0,94,40,18.41,scattered clouds
649,Cantaura,VE,2021-01-13 04:27:20,9.3057,-64.3584,73.24,73,48,10.47,scattered clouds
650,Chumikan,RU,2021-01-13 04:27:20,54.7183,135.315,-14.37,79,30,2.1,scattered clouds
651,Maraa,BR,2021-01-13 04:27:21,-1.8333,-65.3667,73.18,97,59,1.23,broken clouds
652,Kununurra,AU,2021-01-13 04:27:21,-15.7667,128.7333,102.2,42,40,3.44,scattered clouds
653,Leningradskiy,RU,2021-01-13 04:27:21,69.3833,178.4167,-16.98,87,100,16.53,overcast clouds
654,Xai-Xai,MZ,2021-01-13 04:27:21,-25.0519,33.6442,76.75,88,8,5.39,light rain
655,Auka,HN,2021-01-13 04:27:21,14.9333,-83.8333,71.92,96,55,3.22,broken clouds
656,Zhezkazgan,KZ,2021-01-13 04:27:22,47.8043,67.7144,-0.51,93,45,3.47,scattered clouds
657,Yenagoa,NG,2021-01-13 04:27:22,4.9247,6.2642,74.89,92,0,1.12,clear sky
658,Kuala Terengganu,MY,2021-01-13 04:27:22,5.3302,103.1408,82.4,69,20,8.05,few clouds
659,Sao Felix Do Xingu,BR,2021-01-13 04:27:22,-6.6447,-51.995,70.75,94,26,0.69,scattered clouds
660,Yangambi,CD,2021-01-13 04:27:23,0.8102,24.4336,71.73,85,27,0.87,scattered clouds
661,Vila Franca Do Campo,PT,2021-01-13 04:27:23,37.7167,-25.4333,59.0,94,40,12.66,light rain
662,Kyzyl-Suu,KG,2021-01-13 04:27:23,42.3414,78.0056,29.7,89,100,3.18,light snow
663,Teya,RU,2021-01-13 04:27:23,60.3778,92.6267,-21.62,83,99,2.33,overcast clouds
664,Krasnogvardeyskiy,RU,2021-01-13 04:27:24,57.3793,62.3195,-21.17,86,91,2.48,overcast clouds
665,Rensvik,NO,2021-01-13 04:27:24,63.1,7.8167,24.8,58,8,17.27,clear sky
666,Dawlatabad,AF,2021-01-13 04:27:24,36.4141,64.9053,40.03,58,0,0.92,clear sky
667,Zenzeli,RU,2021-01-13 04:27:24,45.9241,47.0474,32.77,94,100,21.18,overcast clouds
668,Ginda,IN,2021-01-13 04:27:24,30.6945,78.4932,57.78,28,0,0.94,clear sky
669,Mango,US,2021-01-13 04:26:10,27.9797,-82.3065,55.4,88,90,3.44,overcast clouds
670,Poum,NC,2021-01-13 04:27:25,-20.2333,164.0167,83.43,76,58,11.54,broken clouds
671,Kosh-Agach,RU,2021-01-13 04:27:25,50.0,88.6667,6.06,86,100,0.94,overcast clouds
672,San Mateo Del Mar,MX,2021-01-13 04:27:25,16.2,-95.0,72.3,70,0,35.61,clear sky
673,Bulgan,MN,2021-01-13 04:27:25,48.8125,103.5347,0.43,86,100,2.42,overcast clouds
674,Zhanaozen,KZ,2021-01-13 04:27:26,43.3,52.8,29.79,96,55,17.9,broken clouds
675,Kaabong,UG,2021-01-13 04:27:26,3.4836,34.1492,66.97,52,1,13.85,clear sky
676,Tezu,IN,2021-01-13 04:27:26,27.9167,96.1667,71.38,42,40,3.18,scattered clouds
677,Bilma,NE,2021-01-13 04:27:26,18.6853,12.9164,65.14,25,0,12.28,clear sky
678,Abbeville,FR,2021-01-13 04:27:26,50.1,1.8333,34.0,79,38,5.14,scattered clouds
679,Donskoy,RU,2021-01-13 04:27:27,53.9711,38.3363,5.85,95,69,8.1,light snow
680,Marktheidenfeld,DE,2021-01-13 04:27:27,49.8442,9.6039,32.0,93,4,7.72,clear sky
681,Marsa Matruh,EG,2021-01-13 04:27:27,31.3525,27.2453,59.0,67,0,11.5,clear sky
682,Bollnas,SE,2021-01-13 04:27:28,61.3482,16.3946,24.01,90,5,1.99,clear sky
683,Galesong,ID,2021-01-13 04:27:28,-5.3166,119.3661,86.0,74,40,10.36,moderate rain
